total_fpackets,total_fvolume,max_fpktl,max_bpktl,duration,fpsh_cnt,total_fhlen,label
13,1667,610,2878,24849,3,272,1
7,1308,611,2878,418395,3,152,1
7,1308,611,2878,418394,3,152,1
10,1801,686,2878,145784,3,212,1
3,712,586,66,245350,1,72,1
9,1741,686,2878,136016,3,192,1
6,935,571,2878,111141,2,132,1
4,826,582,497,218458,2,92,1
8,1374,617,2878,404326,3,172,1
7,1610,675,2878,264206,3,152,1
8,1367,610,2878,423915,3,172,1
10,1844,729,2878,151081,3,212,1
13,1668,611,2878,24652,3,272,1
13,1668,611,2878,28766,3,272,1
12,1371,269,2485,175437,5,252,1
13,1674,617,2878,32021,3,272,1
5,454,208,593,230253,1,112,1
10,6873,2041,2878,935469,6,212,1
11,2670,1159,1514,405574,6,232,1
13,1668,611,2878,25989,3,272,1
4069,1049340,1581,11886,526339,2762,81692,1
1,66,66,0,0,0,32,1
5,454,208,593,212204,1,112,1
5,875,571,2878,800723,2,112,1
8,1681,686,2878,70531,3,172,1
8,1368,611,2878,403961,3,172,1
13,1668,611,1466,32021,3,272,1
7,1610,675,2878,277095,3,152,1
10,1801,686,2878,147188,3,212,1
3,697,571,66,294806,1,72,1
3,697,571,66,74337,1,72,1
5,875,571,2878,848526,2,112,1
7,1308,611,2878,418394,3,152,1
6,935,571,2878,138221,2,132,1
8,1142,385,2878,405907,3,172,1
5,454,208,593,230070,1,112,1
15,3028,1159,1514,419401,8,312,1
8,3909,2020,2878,785191,4,172,1
8,6789,2035,862,5884,6,172,1
10,1262,385,1466,511213,3,212,1
20,3015,680,2878,334694,4,412,1
11,1310,269,2486,172346,5,232,1
5,454,208,593,247096,1,112,1
15,3028,1159,1514,963174,8,312,1
20,3371,1332,5435,961507,12,412,1
12,1370,269,2485,12922,5,252,1
15,3028,1159,1514,992638,8,312,1
10,1262,385,2878,580918,3,212,1
20,3371,1332,5435,923131,12,412,1
20,3371,1332,5435,41777,12,412,1
9,1429,612,2878,232589,3,192,1
9,1429,612,1466,232327,3,192,1
7,707,341,390,262921,1,152,1
20,3371,1332,4023,960960,12,412,1
20,3371,1332,5435,364404,12,412,1
5,454,208,593,233265,1,112,1
684,177691,1613,5435,246945,442,13692,1
6,697,271,2878,136692,2,132,1
20,3371,1332,5435,24529,12,412,1
11,1311,269,2484,964001,5,232,1
12,2966,1604,2878,134715,5,252,1
14917,2465497,1613,36766,426529,8613,304668,1
15,3028,1159,1514,189223,8,312,1
7,707,341,390,428505,1,152,1
11,2669,1159,1514,459527,6,232,1
8,2128,1139,1150,257238,3,172,1
7,995,578,210,338150,2,164,1
7,653,281,317,219089,1,164,1
9,1202,385,1466,351269,3,192,1
6,514,208,593,245723,1,132,1
4,521,335,389,616533,1,92,1
171,26755,1332,1466,140622,120,3584,1
16,3094,1159,1466,530172,8,344,1
5,904,658,318,139025,1,112,1
8,1520,571,200,176430,2,196,1
11,880,238,1514,431993,1,304,1
66,72907,4290,769,868038,39,1524,1
10,1215,571,1466,154202,2,260,1
223,16407,571,5702,155320,24,4896,1
10,1174,571,204,490483,2,236,1
22,6090,2031,5702,837346,8,476,1
12,2492,628,1466,844936,7,264,1
7,949,571,200,844767,1,176,1
8,1520,571,200,166295,2,196,1
5,817,571,1466,775272,1,112,1
17,1731,386,1466,777586,3,448,1
7,949,571,204,307053,1,176,1
10,1215,571,1466,153961,2,260,1
323,51967,1613,5702,266175,222,7080,1
4,264,66,66,841820,0,128,1
14,1438,571,200,965117,2,364,1
5,454,208,593,74207,1,112,1
25,3740,1159,1466,352709,8,696,1
7,949,571,200,508419,1,176,1
10,1209,571,1466,639290,2,248,1
86,5474,208,593,448212,2,1756,1
5,454,208,593,315180,1,112,1
17,3146,1332,1466,49695,11,352,1
12,2727,1158,1466,649094,6,252,1
6,514,208,593,219747,1,132,1
3,397,271,1466,167442,1,72,1
4,394,208,593,222248,1,92,1
13,1437,269,1466,185860,5,284,1
16,3094,1159,1466,523440,8,344,1
12,1371,269,1466,631327,5,252,1
10,1469,584,1466,123042,3,224,1
10,1469,584,1466,123042,3,224,1
15,2715,628,1466,440885,8,336,1
273,43325,1332,1466,932436,177,5748,1
10,1500,617,1466,531037,3,224,1
10,1500,617,1466,531037,3,224,1
43,2734,208,593,176921,1,872,1
11,1329,386,1466,883076,3,244,1
11,2426,628,1466,671116,7,232,1
11,1323,386,1466,390766,3,232,1
10,1475,584,1466,659639,3,236,1
17,3153,1159,1466,36692,8,364,1
906,231541,1613,2878,697770,697,18752,1
13,1436,269,1466,802485,5,284,1
7,1320,617,1466,332713,3,164,1
7,1314,617,1466,332712,3,152,1
6,514,208,593,637475,1,132,1
8,1349,584,1466,378505,3,184,1
13,2802,1159,1466,564332,6,296,1
11,2678,1332,1466,825449,8,232,1
2,132,66,0,325,0,64,1
6,514,208,593,583750,1,132,1
8,1155,386,1466,377031,3,196,1
15,1772,269,1466,261054,6,336,1
8,1380,617,1466,375424,3,184,1
7,1283,584,1466,329824,3,152,1
5,454,208,593,323564,1,112,1
8,1349,584,1466,658235,3,184,1
7,1314,617,1466,398944,3,152,1
482,145035,1613,4290,290917,340,10396,1
22,3658,1159,1466,331969,10,500,1
19,3828,1464,2878,113365,6,440,1
26,11890,3632,1466,245149,10,580,1
17,6900,1466,269,869814,10,352,1
12,2122,634,5739,463667,5,252,1
5,817,571,3088,121581,1,112,1
12,3665,2501,5702,296940,5,252,1
4,483,297,156,100420,1,92,1
11,1323,386,2878,467018,3,232,1
10,1263,386,2878,389764,3,212,1
1,66,66,66,758318,0,32,1
5,411,165,593,218907,1,112,1
5,454,208,593,231577,1,112,1
11,1523,584,2878,334796,3,232,1
5,543,297,156,92017,1,112,1
12,1994,704,2484,296753,6,252,1
11,1554,617,1466,901523,3,232,1
10,4072,1608,4807,69266,4,212,1
1134,323503,1581,8048,120947,755,22692,1
11,1554,617,2878,881860,3,232,1
12,1372,269,2484,904569,5,252,1
12,1994,704,1466,267552,6,252,1
5,454,208,593,218907,1,112,1
10,1263,386,2878,879944,3,212,1
13,2815,1301,4500,342383,5,272,1
212,1264965,16998,4327,136204,99,4252,1
11,1523,584,2878,315396,3,232,1
6,603,297,156,110130,1,132,1
13,3322,1159,1514,51041,7,272,1
8,5160,4353,6219,72869,3,172,1
6,603,297,156,330746,1,132,1
6,603,297,156,110548,1,132,1
688,123709,1581,11350,250317,504,13784,1
10,1463,584,2878,863568,3,212,1
11,1312,269,2485,326799,5,232,1
8,1374,617,2878,611727,3,172,1
10,1463,584,2878,62707,3,212,1
9,1434,617,1466,564708,3,192,1
5,454,208,593,200123,1,112,1
10,1263,386,1466,67370,3,212,1
9,1403,584,1466,434547,3,192,1
5,454,208,593,190143,1,112,1
159,31126,1373,2884,211321,113,3192,1
12,1371,269,2484,909796,5,252,1
8,1374,617,2878,392496,3,172,1
9,1403,584,2878,406776,3,192,1
9,1203,386,2878,755414,3,192,1
8,1374,617,1466,430162,3,172,1
13,3434,1464,2878,472973,6,272,1
23,12457,3719,5702,457800,10,472,1
14,5623,3082,6228,942907,7,292,1
10,1263,386,1466,149454,3,212,1
13,6471,3673,7753,418350,6,272,1
12,3384,1464,2878,477207,6,252,1
12,3261,1159,1514,563466,7,252,1
7,1283,584,2878,372880,3,152,1
11,10016,4353,4807,448603,5,232,1
12,1372,269,2484,251263,5,252,1
124,24446,1373,3172,785895,92,2492,1
15,6589,3673,4946,418460,6,312,1
15,8452,3080,4290,545917,7,312,1
20,12292,3683,9201,711572,10,412,1
7,1314,617,2878,346111,3,152,1
13,3444,1464,2878,481377,6,272,1
7,1314,617,2878,348431,3,152,1
7,1283,584,2878,532864,3,152,1
5,411,165,593,215967,1,112,1
5,411,165,593,236190,1,112,1
6,471,165,593,223857,1,132,1
5,454,208,593,200712,1,112,1
12,1372,269,2485,236111,5,252,1
9,1203,386,1466,776130,3,192,1
100,18094,1373,5435,402070,76,2012,1
10,12809,6042,4851,474131,4,212,1
3,334,208,66,127903,1,72,1
1,66,66,0,0,0,32,1
9,1203,386,2878,292118,3,192,1
11,1765,617,1466,610642,4,232,1
12,1371,269,2485,312560,5,252,1
14,2582,1229,8526,472370,3,292,1
9,2275,1222,12204,804545,3,192,1
10,1469,584,2878,655245,3,224,1
931,178824,1466,14174,215105,597,18656,1
11,1523,584,1466,658580,3,232,1
12,1805,386,1778,309778,5,252,1
10,1705,617,1466,597518,4,212,1
6,933,582,210,523250,2,132,1
5,454,208,593,286882,1,112,1
9,1434,617,2878,573004,3,192,1
10,1463,584,2878,333500,3,212,1
6,1388,571,1466,406992,2,132,1
11,1607,356,2485,242928,6,232,1
9,1434,617,2878,586104,3,192,1
5,454,208,593,196733,1,112,1
11,3334,2040,1466,114172,4,232,1
9,1203,386,2878,338920,3,192,1
9,1445,628,2878,591342,3,192,1
11,3340,2040,2878,114265,4,244,1
1469,297822,1581,31529,8070,946,34852,1
5,817,571,1466,407875,1,112,1
11,1523,584,2878,342346,3,232,1
10,1463,584,2878,436813,3,212,1
9,1434,617,2878,942378,3,192,1
9,1403,584,1466,403969,3,192,1
9,1434,617,2878,947629,3,192,1
5,454,208,593,188840,1,112,1
442,101781,1451,8526,877265,307,8876,1
12,1371,269,2485,242354,5,252,1
9,1203,386,2878,591050,3,192,1
518,187508,1581,7114,122458,348,10912,1
10,1494,617,2878,251951,3,212,1
5,454,208,593,194179,1,112,1
10,1463,584,2878,790394,3,212,1
9,1403,584,2878,804635,3,192,1
240,48710,1466,4443,786338,163,4836,1
12,1371,269,1466,966558,5,252,1
10,1494,617,2878,246951,3,212,1
9,1203,386,2878,671056,3,192,1
4,722,298,66,800557,2,92,1
5,466,208,66,644947,1,136,1
7,757,359,82,15192,3,176,1
9,1388,269,1466,693201,4,204,1
10,1685,386,1466,490015,5,212,1
5,454,208,593,891250,1,112,1
5,454,208,593,882092,1,112,1
5,454,208,593,212821,1,112,1
387,156177,2878,4290,454512,273,8180,1
20,6934,1806,964,849535,9,412,1
8,640,208,593,156171,1,184,1
6,1175,801,964,246191,2,132,1
15,3106,980,2484,603309,7,336,1
96,273708,8526,2878,661460,41,1956,1
7,864,269,1466,876950,2,184,1
11,1443,386,1466,228141,4,232,1
404,307520,2878,3172,644336,312,8236,1
6,514,208,593,192932,1,132,1
12,1835,584,2878,463178,5,276,1
61,121714,8275,2878,917940,19,1244,1
13,1639,269,1466,431652,6,272,1
8,1374,617,1466,628046,3,172,1
27,68797,8526,1632,883054,12,596,1
16,6956,1877,964,880706,9,332,1
13,1895,584,1466,394565,5,296,1
9,1440,617,2878,259286,3,204,1
9,1203,386,2878,696493,3,192,1
20,7978,1466,1514,971670,10,448,1
16,6698,1807,964,168956,9,332,1
9,1403,584,2878,282668,3,192,1
11,1323,386,1466,94793,3,232,1
12,1669,357,2485,71410,6,252,1
8,1374,617,2878,883018,3,172,1
5,454,208,593,192267,1,112,1
8,1374,617,2878,883164,3,172,1
191,48760,1581,5435,862045,133,3844,1
8,1343,584,2878,285737,3,172,1
14,1915,269,1466,474201,7,304,1
3,697,571,66,187719,1,72,1
14,2921,1332,5435,143684,10,292,1
3,397,271,1466,546769,1,72,1
5,454,208,593,542706,1,112,1
5,637,271,2878,237087,2,112,1
11,1299,571,2878,168958,3,244,1
12,1371,269,2486,653553,5,252,1
26,3821,1332,4023,717878,17,532,1
12,1365,571,2878,173801,3,276,1
8,1143,386,1466,649954,3,172,1
6,662,208,593,980382,2,132,1
5,637,271,1466,237087,2,112,1
10,1380,648,662,533569,4,236,1
1661,312503,1466,42414,855762,963,35524,1
11,1323,386,1466,594961,3,232,1
14,1649,269,2484,65301,6,304,1
12,1371,269,2485,807097,5,252,1
9,1434,617,2878,387767,3,192,1
5,454,208,593,226054,1,112,1
9,1434,617,2878,751062,3,192,1
1575,222494,1466,35354,170860,680,37296,1
2149,368495,1466,26882,889452,912,50592,1
3470,760756,1613,5702,50122,2477,72088,1
2731,164020,208,593,563974,1,54644,1
12,1372,269,2485,260625,5,252,1
9,1437,620,2878,44629,3,192,1
9,1203,386,2878,487683,3,192,1
10,1497,620,2878,61433,3,212,1
10,1494,617,2878,61433,3,212,1
9,1434,617,2878,632702,3,192,1
9,1437,620,1466,33818,3,192,1
360,63224,1466,6089,81871,254,7236,1
12,1372,269,1466,279982,5,252,1
5,454,208,593,252294,1,112,1
270,50809,1466,13683,213584,180,5820,1
10,1263,386,1466,274138,3,212,1
9,1404,585,2878,689878,3,192,1
459,287942,2878,6089,88648,349,9384,1
11,1312,269,1466,586000,5,232,1
10,1464,585,2878,796253,3,212,1
10,1464,585,1466,686746,3,212,1
12,1997,706,1466,150980,6,252,1
9,1437,620,2878,287766,3,192,1
9,1437,620,2878,287766,3,192,1
6,514,208,593,526486,1,132,1
10,1497,620,2878,287766,3,212,1
10,1263,386,1466,692775,3,212,1
528,59941,1332,5435,940488,185,10620,1
15,2013,357,2486,537199,7,336,1
10,1263,386,2878,920524,3,212,1
327,53886,1332,6089,234580,215,6552,1
5,454,208,593,241816,1,112,1
10,1465,586,2878,232956,3,212,1
6,514,208,593,654965,1,132,1
9,1405,586,2878,232956,3,192,1
169,28436,1332,4530,79205,125,3392,1
7,1318,621,2878,317748,3,152,1
8,1378,621,2878,324322,3,172,1
8,1378,621,2878,317577,3,172,1
10,1465,586,2878,238146,3,212,1
14,1650,269,2485,592795,6,304,1
10,1263,386,2878,740243,3,212,1
285,53569,1332,5435,465145,220,5784,1
15,2158,357,2484,758744,7,336,1
9,1203,386,2878,250911,3,192,1
6,514,208,593,552061,1,132,1
13,1647,269,2485,690715,6,284,1
6,514,208,593,295449,1,132,1
24,5167,1466,5435,237739,18,504,1
1,66,66,66,824778,0,32,1
1,66,66,66,709091,0,32,1
7,1011,571,3774,454092,2,152,1
11,844,208,593,279106,1,292,1
18,2192,571,6254,413435,5,372,1
1,66,66,66,748859,0,32,1
10,2277,1140,2763,559101,4,212,1
5,454,208,593,427368,1,112,1
12,1372,269,2484,573417,5,252,1
8,1218,634,5739,722992,2,184,1
9,1203,386,2878,679423,3,192,1
1,66,66,66,802304,0,32,1
12,2063,634,5739,700326,5,252,1
12,1823,571,1294,568564,5,252,1
1,66,66,66,794740,0,32,1
1,66,66,66,464008,0,32,1
1,66,66,66,17912,0,32,1
207,33178,1332,5435,176150,145,4188,1
9,1438,621,2878,138312,3,192,1
9,1438,621,2878,138208,3,192,1
6,514,208,593,560547,1,132,1
20,2915,356,2485,38630,9,460,1
10,1263,386,2878,542955,3,212,1
665,159743,2878,8588,428496,536,13444,1
11,1558,621,2878,144798,3,232,1
9,2393,1140,2762,297044,4,192,1
12,1370,269,2485,770395,5,252,1
8,1345,586,2878,388056,3,172,1
82,15675,1436,4290,676951,67,1652,1
8,1345,586,2878,388056,3,172,1
10,1263,386,2878,215743,3,212,1
7,1285,586,2878,388056,3,152,1
6,514,208,593,647453,1,132,1
7,1285,586,2878,325537,3,152,1
8,1378,621,2878,300476,3,172,1
23,3653,1332,4290,59233,14,496,1
11,1329,386,2878,749911,3,244,1
17,2102,269,2485,446362,7,376,1
7,1285,586,2878,352978,3,152,1
8,1345,586,1466,363809,3,172,1
5,454,208,593,235009,1,112,1
145,23556,1332,5435,47910,106,2936,1
8,1378,621,1466,300476,3,172,1
8,1378,621,2878,300476,3,172,1
9,1203,386,2878,767026,3,192,1
9,1438,621,2878,209116,3,192,1
9,1405,586,2878,522201,3,192,1
9,1405,586,2878,692739,3,192,1
6,514,208,593,533926,1,132,1
9,1438,621,2878,211040,3,192,1
9,1405,586,2878,691934,3,192,1
124,21035,1332,5435,53333,96,2492,1
9,3178,1134,2762,318295,4,192,1
10,1498,621,2878,211390,3,212,1
12,1372,269,2485,378236,5,252,1
7,1318,621,2878,607695,3,152,1
109,17755,1332,5435,677545,82,2192,1
8,1378,621,2878,607695,3,172,1
15,2441,586,2878,400256,5,372,1
7,1318,621,2878,633183,3,152,1
12,1370,269,2485,388027,5,252,1
1085,65260,208,593,562461,1,21724,1
13,2315,586,2878,299605,5,320,1
10,1263,386,2878,585151,3,212,1
13,2315,586,2878,299605,5,320,1
12,1372,269,2484,41142,5,252,1
8,2327,1134,2761,899384,4,172,1
13,3322,1159,1514,462914,7,272,1
14,994,208,593,248141,1,292,1
398,373747,1581,4850,430190,345,7972,1
47,2974,208,593,182788,1,952,1
9,1203,386,1466,980656,3,192,1
7,1318,621,2878,337376,3,152,1
8,1378,621,2878,337376,3,172,1
8,1345,586,2878,361258,3,172,1
8,1378,621,2878,337376,3,172,1
95,588241,8526,4456,761891,86,1912,1
9,2393,1140,2763,209717,4,192,1
7,1285,586,2878,352155,3,152,1
12,1372,269,2485,277436,5,252,1
8,1345,586,2878,352155,3,172,1
7,1285,586,2878,594137,3,152,1
8,1345,586,2878,544289,3,172,1
7,1318,621,2878,325940,3,152,1
10,1263,386,2878,153351,3,212,1
1853,111340,208,593,894349,1,37084,1
7,1285,586,2878,318019,3,152,1
12,1372,269,2485,24997,5,252,1
8,1378,621,2878,317040,3,172,1
8,1378,621,2878,573997,3,172,1
118,21701,1332,2948,595927,93,2384,1
5,454,208,593,247562,1,112,1
456,27520,208,593,522746,1,9144,1
12,1372,269,2485,37243,5,252,1
232,40801,1381,6089,414259,159,4664,1
9,2387,1134,2763,408953,4,192,1
10,1263,386,2878,799996,3,212,1
17,2202,269,2485,905584,8,388,1
5,454,208,593,238951,1,112,1
144,23878,1466,4530,354280,104,2964,1
5,454,208,593,268239,1,112,1
8,1378,621,1466,303670,3,172,1
132,21770,1333,1700,495923,96,2652,1
8,1378,621,2878,292836,3,172,1
7,1285,586,1466,309202,3,152,1
8,1378,621,2878,292836,3,172,1
10,1263,386,2878,742888,3,212,1
8,1345,586,2878,299527,3,172,1
8,1345,586,2878,361227,3,172,1
12,1372,269,2485,60445,5,252,1
12,1371,269,2485,44848,5,252,1
8,1345,586,1466,348089,3,172,1
8,1345,586,1466,348089,3,172,1
8,1345,586,1466,562031,3,172,1
5,454,208,593,249719,1,112,1
80,16482,1466,2878,481374,61,1636,1
8,1378,621,2878,347345,3,172,1
7,1318,621,2878,295767,3,152,1
12,1635,386,1466,832137,5,276,1
10,2651,1140,2762,786589,5,212,1
8,1378,621,2878,298455,3,172,1
12,1372,269,2485,199065,5,252,1
76,4714,208,593,554793,1,1532,1
7,1083,386,2878,369519,3,152,1
69,11705,1332,5435,977627,57,1392,1
12,1762,621,2878,887343,4,300,1
13,1822,621,2878,887343,4,320,1
12,1762,621,2878,887343,4,300,1
9,1203,386,2878,895721,3,192,1
10,1465,586,2878,245565,3,212,1
10,1465,586,2878,245564,3,212,1
249,49826,1466,6089,541002,187,5088,1
12,1372,269,1466,410386,5,252,1
9,1405,586,2878,245611,3,192,1
6,514,208,593,553773,1,132,1
222,38964,1581,4731,386672,140,4624,1
7,1318,621,2878,331549,3,152,1
11,1323,386,2878,129588,3,232,1
8,1378,621,2878,331548,3,172,1
8,1345,586,2878,511405,3,172,1
12,1371,269,2485,54007,5,252,1
8,1378,621,2878,331548,3,172,1
7,1285,586,2878,510543,3,152,1
8,1345,586,2878,385569,3,172,1
5,454,208,593,280100,1,112,1
10,3276,2042,2565,562036,4,212,0
30,10045,1653,6147,298982,10,624,0
12,1319,571,2102,794699,2,300,0
11,1264,571,4150,898853,2,232,0
19,11660,4551,6246,572270,8,392,0
7,1097,657,325,917353,2,152,0
16,3075,842,4290,709391,6,332,0
8,1055,571,2878,136866,2,172,0
11,1981,643,1445,116662,6,232,0
9,3291,2117,5389,520189,4,192,0
9,1183,571,5494,273622,2,204,0
14,10447,4552,4834,344584,6,292,0
20,4431,1640,5702,313097,9,412,0
8,1061,571,4290,343330,2,184,0
37,3284,571,18410,472845,5,752,0
9,3337,2163,5389,545793,4,192,0
5,829,583,4150,35149,1,112,0
53,15049,1256,24058,160307,12,1072,0
6,977,613,566,30145,2,132,0
5,829,583,204,993601,1,112,0
15,2030,628,1466,408359,5,312,0
9,1115,571,2878,293746,2,192,0
149,21011,1289,41002,87443,12,3328,0
17,1701,338,5702,173081,6,352,0
50,9087,698,4067,913152,26,1012,0
6,922,571,204,771267,2,132,0
7,995,571,2181,50626,2,152,0
7,988,571,206,204943,2,164,0
22,4884,1675,2878,336453,6,452,0
425,43877,1214,11350,874122,80,8812,0
14,4087,708,4290,602123,6,292,0
18,10737,4559,4290,130478,7,372,0
19,3223,811,2878,955941,4,404,0
14,3369,1425,2856,762562,7,292,0
8,1097,626,204,337748,2,172,0
26,2730,571,2878,884558,6,544,0
14,2011,571,2878,382916,5,292,0
21,2534,619,2171,361523,6,432,0
14,2060,643,2097,525512,3,292,0
8,1103,632,208,309238,2,172,0
5,817,571,2878,128095,1,112,0
12,1349,275,3747,466588,5,252,0
12,1756,682,2335,271184,5,252,0
1,66,66,66,67613,0,32,0
11,1384,626,7089,787304,2,232,0
5,817,571,4067,524707,1,112,0
9,1183,571,4576,519890,2,204,0
465,2976688,8526,2878,443946,424,9312,0
8,1097,626,204,620813,2,172,0
9,4139,2965,5389,556386,4,192,0
5,817,571,1466,85164,1,112,0
82,7195,571,12262,142132,18,2084,0
27,16196,5229,5702,143661,7,552,0
19,1809,571,5410,603164,2,392,0
5,817,571,2878,450630,1,112,0
19,2518,571,2836,516152,8,392,0
11,1297,571,2209,291828,2,232,0
45,4697,786,2878,37901,4,924,0
7,995,571,1446,39753,2,152,0
25,2871,628,7089,732223,7,512,0
9,1114,583,204,752356,2,192,0
9,4139,2965,3977,605196,4,192,0
22,15337,4463,2878,552348,9,452,0
7,1097,657,325,460820,2,152,0
5,817,571,2878,206508,1,112,0
77,423757,8526,1632,425533,62,1552,0
5,817,571,3817,274490,1,112,0
18,2205,571,9988,984295,5,372,0
9,3348,2174,3977,734288,4,192,0
7,1097,657,325,227171,2,152,0
21,2372,604,1445,235793,5,444,0
14,1415,571,4150,517571,2,292,0
11,1329,571,5410,956867,2,232,0
332,29696,588,21234,104817,89,7720,0
8,1071,571,1466,143607,2,172,0
26,6050,955,327,641859,15,532,0
24,33995,14027,2772,206103,11,492,0
16,4071,2320,4290,139272,5,332,0
5,817,571,204,609912,1,112,0
16,2141,571,2793,458160,6,332,0
17,1458,492,527,647353,1,352,0
9,1183,571,6147,479705,2,204,0
9,1114,583,204,486297,2,192,0
17,14596,8526,5702,427619,6,352,0
12,4025,2597,5916,441596,5,252,0
8,1055,571,3126,317139,2,172,0
10,15815,9046,6263,568243,4,212,0
10,5960,4726,4290,393405,4,212,0
7,1057,571,4383,578398,2,152,0
12,3382,1135,1466,673656,5,252,0
12,1756,682,1466,267137,5,252,0
13,1373,571,2878,177995,2,308,0
6,1223,571,2878,686656,2,132,0
204,44257,1353,57946,34136,30,4248,0
10,3409,2175,2878,566527,4,212,0
11,2107,894,4058,2884,4,232,0
15,2016,571,2893,751579,7,312,0
13,1396,583,2738,335164,2,272,0
7,1002,591,200,30993,2,152,0
5,817,571,2878,165972,1,112,0
28,9420,1706,737,648344,9,584,0
13,1898,609,6791,961729,5,272,0
11,1264,571,2738,789161,2,232,0
14,3924,2295,7089,603618,5,292,0
11,1235,571,2878,427021,2,232,0
24,3419,1023,11710,921427,2,596,0
18,1661,571,4290,203360,2,384,0
10,3441,2207,5389,394701,4,212,0
15,2859,781,4290,762702,4,324,0
14,8357,6830,7114,612990,5,292,0
52,5011,571,4230,474239,13,1172,0
80,16079,698,603,491592,44,1636,0
10,1175,571,2878,162698,2,212,0
11,1329,571,2974,705213,2,232,0
13,1844,571,2878,114863,5,272,0
14,1476,614,528,664815,2,328,0
18,2335,571,2772,152785,8,372,0
5,817,571,2878,700530,1,112,0
10,3385,2151,4290,377891,4,212,0
97,560528,8526,3044,461339,83,1952,0
43,4651,823,4290,969392,4,884,0
169,13116,571,4290,533980,35,3392,0
30,6135,840,4150,399638,16,612,0
8,1157,657,325,63972,2,172,0
17,2374,571,2738,594799,8,352,0
27,16307,5237,8284,992983,7,552,0
17,2257,628,7089,215113,5,352,0
36,3980,705,4290,94161,4,744,0
13,1910,628,1466,428318,5,272,0
59,5764,864,2878,399149,10,1192,0
14,3819,2297,1098,678703,5,292,0
38,23054,13885,2799,547180,18,772,0
10,1330,632,6103,799490,2,212,0
16,4094,2343,7089,567854,5,332,0
19,13872,4043,2508,856103,8,392,0
47,4852,1367,2878,725895,6,964,0
22,2428,571,2878,261569,5,452,0
19,2313,571,1466,235519,5,392,0
9,3335,2161,5389,763251,4,192,0
41,4455,785,4290,578780,4,844,0
8,1055,571,2878,155494,2,172,0
22,2509,571,11350,487728,5,452,0
21,2806,711,4067,140886,7,432,0
65,5706,573,4290,231150,11,1432,0
9,1131,571,2878,927239,2,192,0
15,2205,571,5305,417907,8,312,0
1,66,66,66,751717,0,32,0
47,204886,16467,6147,45745,31,964,0
31,16452,5234,4290,467160,7,632,0
175,168482,16460,9923,57013,63,3524,0
10,3286,2052,2878,545974,4,212,0
11,1811,610,996,958048,5,232,0
13,5605,4035,5745,344688,5,272,0
9,1183,571,6035,138197,2,204,0
41,17010,1214,4134,263243,16,844,0
8,1117,571,6147,170347,2,172,0
9,3238,2064,5389,383013,4,192,0
19,2322,571,9938,137631,5,392,0
26,57838,5632,4290,110478,14,532,0
10,3274,2040,2878,602294,4,212,0
9,3223,2049,5389,547490,4,192,0
12,1324,571,2878,565954,2,252,0
10,3437,2203,2878,567544,4,212,0
16,10568,4552,6246,980672,6,332,0
11,1276,583,4150,870105,2,232,0
8,1071,571,2878,123587,2,172,0
12,26820,8526,6265,132186,5,252,0
11,1337,657,325,424687,2,232,0
35,4197,634,5739,159134,12,712,0
54,7878,1434,13854,204022,26,1092,0
12,2494,1420,2335,537829,5,252,0
26,16135,5228,4290,793184,7,532,0
20,2795,612,686,445399,8,412,0
80,25365,1195,14174,202822,20,1612,0
10,1269,571,2878,621390,2,212,0
13,3631,1497,2335,703930,6,272,0
10,3381,2147,2565,601876,4,212,0
10,1191,571,4067,214160,2,212,0
7,1011,571,4067,803479,2,152,0
19,12355,4354,6384,576592,10,392,0
1194,89735,903,22690,909027,463,23892,0
12,1301,571,4290,937795,2,264,0
33,3786,571,4290,368873,13,696,0
27,6448,1675,2878,148568,7,552,0
17,1775,571,4290,632769,5,364,0
16,2868,571,4150,99970,8,332,0
11,1235,571,2878,418965,2,232,0
15,1777,571,2878,665793,4,312,0
112,47203,1257,33801,776086,37,2264,0
15,1625,705,4067,740085,2,312,0
9,1121,571,4290,188268,2,204,0
462,625776,16467,5482,501190,301,9252,0
5,817,571,1466,785757,1,112,0
25,2839,571,2878,497619,6,512,0
7,988,571,206,618111,2,164,0
53,4692,571,2878,245224,8,1476,0
38,14000,1100,540,576922,15,784,0
15,2137,628,7089,982466,5,312,0
8,1097,626,204,705152,2,172,0
23,10117,4037,1466,776358,7,472,0
8,712,286,851,276215,1,172,0
1,66,66,66,424659,0,32,0
8,1103,632,208,365551,2,172,0
30,7327,2589,2878,548024,10,612,0
18,3572,967,4150,870972,8,372,0
9,3386,2212,3977,553690,4,192,0
5,829,583,204,543942,1,112,0
255,1656115,16467,679,850592,185,5112,0
13,1355,571,4150,589990,2,272,0
7,1002,591,200,408612,2,152,0
5,817,571,1466,88787,1,112,0
8,1097,626,204,706119,2,172,0
111,13709,647,16998,854780,37,2232,0
302,22463,571,7114,305193,47,6136,0
61,39800,2245,2878,722284,26,1244,0
18,2125,571,3822,994662,5,372,0
32,4077,634,367,34885,14,652,0
11,1329,571,6263,632120,2,232,0
52,8912,1215,8214,601641,8,1064,0
9,3238,1136,1207,1157,4,192,0
5,817,571,2878,746985,1,112,0
5,738,492,527,60093,1,112,0
10,3378,2144,2878,571354,4,212,0
13,20879,5632,4290,634395,6,272,0
5,817,571,1466,87571,1,112,0
45,5207,571,5702,873362,20,912,0
26,3056,928,2878,268935,3,580,0
42,4554,787,4290,994582,4,864,0
34,3402,571,2878,569719,8,692,0
11,2041,717,991,962293,5,232,0
15,4364,2292,1136,18307,7,312,0
12,1313,571,1466,684733,2,288,0
9,3196,2022,6062,445123,4,192,0
6,942,591,200,179720,2,132,0
10,1204,571,1466,165129,2,212,0
7,995,571,2220,43926,2,152,0
9,2534,918,399,10825,4,192,0
16,2023,571,1476,313087,5,332,0
10,3400,2166,4290,576855,4,212,0
27,3070,571,2181,207080,8,552,0
10,1175,571,2878,603533,2,212,0
53,240730,8526,4290,821400,35,1072,0
17,1645,621,582,429519,2,352,0
9,1342,509,6251,921432,3,192,0
85,10014,700,15366,474584,18,1736,0
148,49779,1256,21521,948013,38,2972,0
34,3207,571,2878,368018,6,692,0
41,3611,571,11350,147044,5,832,0
14,2438,864,5966,509586,5,292,0
5,817,571,2878,677309,1,112,0
21,2586,684,7114,817268,5,432,0
7,995,571,1466,44504,2,152,0
23,2542,641,2274,192190,3,484,0
5,817,571,5482,182540,1,112,0
33,3803,571,4290,170202,9,672,0
7,995,571,1446,37462,2,152,0
12,2101,638,274,397553,6,252,0
91,8585,1019,4013,760168,16,2212,0
9,1467,571,1466,703662,3,192,0
12,1850,628,1466,644259,5,252,0
13,3762,2300,1136,445696,5,272,0
117,9196,571,4150,396428,5,3896,0
1,66,66,66,761506,0,32,0
12,3771,2367,1131,339299,5,252,0
9,3377,2203,5389,567073,4,192,0
17,21121,5632,3441,743261,6,352,0
7,995,571,1466,45496,2,152,0
30,3224,348,2878,541608,6,612,0
29,5372,1025,330,561626,12,592,0
200,89100,15547,2425,525427,143,4012,0
7,988,571,206,283866,2,164,0
11,19400,8526,6262,612228,4,232,0
9,1102,341,390,474466,2,192,0
9,3350,2176,5389,540457,4,192,0
8,1084,571,7114,223692,2,172,0
23,3194,1143,4067,76593,6,472,0
7,1097,657,325,55365,2,152,0
18,2451,628,2878,73098,7,372,0
15,1475,571,3741,457580,2,312,0
9,3320,2146,5389,558707,4,192,0
51,23818,1290,4675,554067,23,1044,0
19,2728,850,9938,51401,6,392,0
7,995,571,1466,95827,2,152,0
7,988,571,206,905927,2,164,0
17,2316,670,2838,287587,5,352,0
9,822,336,404,611603,1,192,0
11,2596,690,1499,693091,4,232,0
5,817,571,2654,298740,1,112,0
32,10090,1100,3315,518202,11,664,0
6,977,626,204,344196,2,132,0
13,1371,571,4150,490646,2,272,0
17,2320,571,5543,639122,7,352,0
12,1375,301,2335,263298,5,252,0
39,4210,861,2878,705871,7,792,0
9,3219,2045,5389,522734,4,192,0
79,6095,571,4290,469419,7,1592,0
16,2412,869,6035,882987,3,344,0
15,3986,2297,7089,802647,5,312,0
5,817,571,2878,844196,1,112,0
9,3214,2040,5389,528664,4,192,0
18,2549,838,5702,918490,3,372,0
8,1149,571,4290,118947,2,172,0
12,1301,571,4290,293351,2,264,0
1,66,66,66,872822,0,32,0
54,4550,571,2878,673934,8,1092,0
272,25088,571,16460,364779,84,5452,0
13,2075,634,329,198492,5,272,0
20,56025,8526,3044,470493,11,412,0
57,6361,592,2878,228530,31,1152,0
29,5199,948,25470,117034,4,724,0
13,2617,1260,2654,643085,3,272,0
14,3117,1154,2878,169485,7,292,0
20,1768,571,200,385122,2,424,0
16,2605,667,330,132979,8,332,0
100,106492,8687,4134,511723,62,2024,0
36,3431,750,4290,413257,3,744,0
11,1337,657,325,877594,2,232,0
20,1775,571,2878,215907,2,412,0
20,1775,571,1566,142509,2,412,0
5,335,89,651,17156,1,112,0
25,2939,677,2878,552800,7,512,0
5,817,571,2878,752588,1,112,0
15,3287,665,4150,891080,5,312,0
9,3216,2042,5389,525538,4,192,0
15,2049,628,4290,137787,3,324,0
26,16183,5227,5702,111047,7,532,0
11,1718,571,2177,390455,5,232,0
12,2502,1428,2335,263347,5,252,0
6,1084,626,5677,311161,2,132,0
7,988,571,206,616505,2,164,0
14,4767,1465,2335,276210,7,292,0
8,1117,571,3187,232603,2,172,0
9,1163,632,208,82518,2,192,0
10,3432,2198,2878,599790,4,212,0
25,2506,571,4290,845496,3,524,0
14,3119,843,330,516649,8,292,0
25,2623,571,7307,2765,6,512,0
5,917,613,566,187907,2,112,0
6,985,621,582,941772,2,132,0
42,4591,823,4290,759079,4,864,0
12,1440,700,357,483117,2,252,0
87,9559,823,4290,857901,7,1908,0
9,1114,583,204,474281,2,192,0
22,2447,571,1466,139463,5,464,0
11,1384,626,7089,192610,2,232,0
18,39785,5859,4851,72505,10,372,0
8,1049,578,210,329882,2,172,0
8,1103,632,208,524582,2,172,0
10,1214,610,528,507234,2,212,0
11,1297,571,5305,204991,2,232,0
5,817,571,3817,293900,1,112,0
10,1277,657,325,93057,2,212,0
14,1456,583,4150,70597,2,292,0
41,11099,971,22646,261807,10,952,0
8,1071,571,2878,60122,2,172,0
20,5115,1197,5406,279179,5,412,0
22,2827,571,2878,69770,9,452,0
29,3582,848,2878,778460,7,592,0
8,1071,571,1466,71498,2,172,0
9,3698,2524,5389,372413,4,192,0
14,5965,4456,6246,530023,5,292,0
14,2024,654,662,287114,6,292,0
113,95109,1808,2878,592869,52,2332,0
11,1235,571,2878,125386,2,232,0
12,2586,699,2878,168528,4,252,0
34,6315,967,4150,14692,16,692,0
8,1055,571,1466,61140,2,172,0
13,4662,1193,4150,989496,5,272,0
134,17948,884,17060,35951,14,2788,0
15,2337,675,779,190356,7,312,0
30,3217,571,2878,214606,7,624,0
13,3627,1440,3747,548271,6,272,0
24,2737,671,2838,259338,5,492,0
9,3368,2194,3977,552610,4,192,0
21,2891,924,5138,562209,5,432,0
16,2104,571,5148,209419,5,332,0
9,3394,2220,5389,529266,4,192,0
11,1263,571,1466,644636,2,256,0
12,1295,571,4150,820597,2,252,0
10,1217,626,204,779733,2,212,0
14,1431,571,4067,332493,2,292,0
23,2616,571,2774,878743,6,472,0
12,1243,571,1466,641887,1,264,0
7,1002,591,200,180865,2,152,0
8,1103,632,208,629527,2,172,0
6,935,571,2055,71546,2,132,0
20,2570,793,2878,416616,3,412,0
8,1062,591,200,997651,2,172,0
17,12840,9156,5305,883279,8,352,0
7,1097,657,325,225694,2,152,0
9,1121,571,2878,329974,2,204,0
10,1191,571,4067,874426,2,212,0
12,2603,1529,3747,378365,5,252,0
10,3451,2217,2565,726050,4,212,0
14,2242,634,5739,244774,5,292,0
20,3186,910,399,909471,4,412,0
89,6997,681,4290,323175,4,1804,0
11,1297,571,5543,49970,2,232,0
11,32200,8526,6262,784927,5,232,0
417,147707,4896,2878,713241,135,8352,0
195,35541,1446,8406,103001,78,3912,0
9,3398,2224,3977,558117,4,192,0
8,1055,571,4150,96135,2,172,0
9,1012,514,599,189885,1,216,0
7,988,571,206,385213,2,164,0
9,1270,632,6103,66027,2,192,0
14,29630,5632,6262,61808,8,292,0
9,3375,2201,5389,573298,4,192,0
42,31075,5229,8284,588697,11,852,0
22,4797,1671,737,226480,5,464,0
8,1117,571,1559,380931,2,172,0
171,1109118,8526,4456,323892,154,3432,0
5,829,583,491,730570,1,112,0
378,86519,16467,8526,247857,120,7596,0
12,2102,805,2878,31933,3,252,0
90,473978,8526,4290,562877,74,1812,0
21,4536,2344,1130,409777,8,432,0
37,14614,1633,6147,157341,14,764,0
23,3311,1126,1466,453935,8,472,0
28,2785,571,2878,403045,6,584,0
8,1070,586,491,851574,2,172,0
65,59399,13984,2878,374865,35,1312,0
17,4697,1206,7114,113385,4,352,0
11,1329,571,4290,284477,2,232,0
6,942,591,200,34460,2,132,0
80,12569,884,22036,910395,11,1612,0
13,2067,622,2878,103734,5,272,0
12,9751,7683,1445,962570,6,252,0
9,767,281,317,476000,1,192,0
5,968,664,662,297788,2,112,0
98,9912,571,11292,937195,41,1984,0
16,1541,571,2878,16991,2,344,0
8,1071,571,2878,205051,2,172,0
9,3334,2160,3977,554433,4,192,0
10,3314,2080,5389,569864,4,212,0
13,2037,592,1466,731145,7,272,0
18,2632,850,18410,260664,5,372,0
6,922,571,204,735474,2,132,0
11,1235,571,2878,355051,2,232,0
20,2009,338,6260,178036,8,412,0
9,1121,571,2878,517440,2,204,0
43,5344,634,686,214978,18,872,0
9,1177,571,4150,129679,2,192,0
24,2558,571,4290,441010,5,504,0
10,9938,5620,4290,138765,4,212,0
8,1157,657,325,52098,2,172,0
9,1229,657,325,183899,2,216,0
9,3214,2040,3977,605233,4,192,0
13,1297,571,2102,734804,1,272,0
6,1090,632,5702,297036,2,132,0
482,161884,4703,7114,998286,139,9652,0
52,5870,571,4290,191183,18,1064,0
76,22078,1284,28294,118776,17,1604,0
18,6182,3566,5702,750559,8,372,0
10,1191,571,2878,851524,2,212,0
9,3385,2211,5389,610438,4,192,0
1,66,66,66,54840,0,32,0
11,1235,571,1898,418111,2,232,0
48,3966,571,4290,592,5,972,0
9,3226,2052,3977,557337,4,192,0
77,15407,659,4067,17010,47,1552,0
13,8262,6830,10188,337146,5,272,0
30,3218,761,2878,704831,6,624,0
14,2171,810,4771,417388,3,304,0
11,1235,571,1552,872225,2,232,0
19,2270,571,200,926304,4,416,0
10,3421,2187,1560,579509,4,212,0
10,1175,571,2435,50672,2,212,0
8,1097,613,2181,377582,2,172,0
9,1075,571,1466,561171,1,228,0
18,4289,703,4150,917373,6,372,0
10,1175,571,1780,193261,2,212,0
8,1157,657,325,488823,2,172,0
32,10251,996,5936,265154,11,676,0
89,520460,8526,1632,489473,75,1792,0
8,1157,657,325,206021,2,172,0
19,1715,571,1780,173942,2,392,0
16,3032,736,316,749040,7,332,0
9,1264,626,7089,828217,2,192,0
14,3817,2295,1096,540654,5,292,0
7,1150,632,4290,325043,2,152,0
32,36108,10409,5739,37167,12,652,0
66,46948,1196,6588,937888,40,1332,0
1,66,66,66,883628,0,32,0
15,2137,628,2878,932687,5,312,0
28,3484,684,4067,599942,10,572,0
16,4095,2344,7089,357266,5,332,0
221,17383,655,11350,507798,43,4432,0
8,1097,626,204,309852,2,172,0
8,1157,657,325,43026,2,172,0
18,2178,571,2329,697592,3,396,0
19,3749,1030,4150,170486,9,392,0
15,3980,1448,355,348283,7,312,0
11,1337,657,325,366036,2,232,0
39,4335,785,4290,560378,4,804,0
43,98505,5632,3438,375372,22,872,0
4,246,66,66,20690,0,92,0
25,6327,1675,2878,184734,7,512,0
21,2340,571,2188,831817,5,432,0
29,26077,12762,2878,175326,10,592,0
13,1910,628,1466,363647,5,272,0
11,1384,626,7089,80758,2,232,0
5,817,571,204,512914,1,112,0
12,8025,6618,8526,773552,5,252,0
9,1130,586,491,99083,2,192,0
41,18452,1263,6665,645454,16,832,0
23,2466,571,2878,285132,5,472,0
16,2252,685,5022,699236,3,392,0
119,44077,1306,45238,509887,34,2392,0
9,1209,571,6262,601676,2,192,0
14,2184,634,5702,999584,5,292,0
18,7000,938,5278,184097,7,384,0
10,1237,571,5569,358132,2,212,0
51,11036,921,16998,414182,10,1044,0
15,1517,571,1808,882836,2,396,0
5,817,571,4150,550541,1,112,0
16,3359,899,8373,683546,8,332,0
33,3535,571,2171,950857,12,672,0
8,1071,571,3216,287860,2,172,0
11,1329,571,4290,968762,2,232,0
11,1235,571,2878,831926,2,232,0
13,1931,571,4150,549994,5,272,0
8,1103,632,208,354641,2,172,0
14,1961,571,2878,941036,5,292,0
10,1275,655,325,638147,2,212,0
34,3348,787,4290,422835,3,704,0
7,995,571,2182,50608,2,152,0
27,73089,6746,4853,310127,16,552,0
12,1444,626,2878,393058,2,252,0
9,3215,2041,5389,548932,4,192,0
10,1191,571,4067,558076,2,212,0
11,1241,571,6687,54970,2,244,0
15,2302,634,5739,735662,5,312,0
183,55754,12762,2878,687765,41,3672,0
22,2423,571,2188,240602,5,464,0
15,3589,746,2878,72648,5,312,0
63,22499,1257,37594,265595,18,1272,0
23,2443,571,4344,237757,5,484,0
8,1157,657,325,536671,2,172,0
10,1330,632,2878,549765,2,212,0
13,2075,634,329,88594,5,272,0
27,3396,664,4067,606843,10,552,0
16,1553,571,1481,688343,2,368,0
11,1297,571,5305,361935,2,232,0
10,3380,2146,5389,582487,4,212,0
1,66,66,66,910961,0,32,0
32,3629,571,2878,294974,13,652,0
27,3528,593,1794,471946,11,552,0
34,9182,1675,2878,92345,13,692,0
22,7188,948,12891,311998,7,464,0
25,2748,613,8400,714076,6,512,0
21,15842,5238,4290,440086,7,432,0
13,2731,1374,1538,5224,3,272,0
43,5229,657,4290,396509,17,884,0
9,1799,744,2878,123538,3,192,0
10,1175,571,3126,181023,2,212,0
10,1223,632,208,173523,2,212,0
7,1097,657,325,649184,2,152,0
11,4602,1880,3439,290650,4,232,0
14,1399,571,2651,865215,1,376,0
45,163371,16752,2878,492864,17,912,0
16,1551,571,4067,727017,2,332,0
